timestamp,salary,fixed_basket,rent_price_3room_eco,rent_price_2room_eco,rent_price_1room_eco,average_life_exp
2011-09-10,44898.7,12856.97,44.25,37.73,30.63,75.79
2011-09-19,44898.7,12856.97,44.25,37.73,30.63,75.79
2011-09-20,44898.7,12856.97,44.25,37.73,30.63,75.79
2011-09-22,44898.7,12856.97,44.25,37.73,30.63,75.79
2011-09-27,44898.7,12856.97,44.25,37.73,30.63,75.79
2011-09-28,44898.7,12856.97,44.25,37.73,30.63,75.79
2011-09-30,44898.7,12856.97,44.25,37.73,30.63,75.79
2011-10-03,44898.7,12922.97,43.46,38.1,31.11,75.79
2011-10-04,44898.7,12922.97,43.46,38.1,31.11,75.79
2011-10-05,44898.7,12922.97,43.46,38.1,31.11,75.79
2011-10-07,44898.7,12922.97,43.46,38.1,31.11,75.79
2011-10-11,44898.7,12922.97,43.46,38.1,31.11,75.79
2011-10-12,44898.7,12922.97,43.46,38.1,31.11,75.79
2011-10-13,44898.7,12922.97,43.46,38.1,31.11,75.79
2011-10-14,44898.7,12922.97,43.46,38.1,31.11,75.79
2011-10-17,44898.7,12922.97,43.46,38.1,31.11,75.79
2011-10-18,44898.7,12922.97,43.46,38.1,31.11,75.79
2011-10-19,44898.7,12922.97,43.46,38.1,31.11,75.79
2011-10-20,44898.7,12922.97,43.46,38.1,31.11,75.79
2011-10-21,44898.7,12922.97,43.46,38.1,31.11,75.79
2011-10-22,44898.7,12922.97,43.46,38.1,31.11,75.79
2011-10-24,44898.7,12922.97,43.46,38.1,31.11,75.79
2011-10-25,44898.7,12922.97,43.46,38.1,31.11,75.79
2011-10-26,44898.7,12922.97,43.46,38.1,31.11,75.79
2011-10-27,44898.7,12922.97,43.46,38.1,31.11,75.79
2011-10-28,44898.7,12922.97,43.46,38.1,31.11,75.79
2011-10-29,44898.7,12922.97,43.46,38.1,31.11,75.79
2011-10-31,44898.7,12922.97,43.46,38.1,31.11,75.79
2011-11-01,44898.7,12959.49,46.5,38.62,31.53,75.79
2011-11-03,44898.7,12959.49,46.5,38.62,31.53,75.79
2011-11-05,44898.7,12959.49,46.5,38.62,31.53,75.79
2011-11-07,44898.7,12959.49,46.5,38.62,31.53,75.79
2011-11-09,44898.7,12959.49,46.5,38.62,31.53,75.79
2011-11-10,44898.7,12959.49,46.5,38.62,31.53,75.79
2011-11-14,44898.7,12959.49,46.5,38.62,31.53,75.79
2011-11-16,44898.7,12959.49,46.5,38.62,31.53,75.79
2011-11-17,44898.7,12959.49,46.5,38.62,31.53,75.79
2011-11-18,44898.7,12959.49,46.5,38.62,31.53,75.79
2011-11-19,44898.7,12959.49,46.5,38.62,31.53,75.79
2011-11-22,44898.7,12959.49,46.5,38.62,31.53,75.79
2011-11-24,44898.7,12959.49,46.5,38.62,31.53,75.79
2011-11-25,44898.7,12959.49,46.5,38.62,31.53,75.79
2011-11-26,44898.7,12959.49,46.5,38.62,31.53,75.79
2011-11-28,44898.7,12959.49,46.5,38.62,31.53,75.79
2011-11-29,44898.7,12959.49,46.5,38.62,31.53,75.79
2011-11-30,44898.7,12959.49,46.5,38.62,31.53,75.79
2011-12-01,44898.7,12992.44,46.44,37.93,30.74,75.79
2011-12-03,44898.7,12992.44,46.44,37.93,30.74,75.79
2011-12-05,44898.7,12992.44,46.44,37.93,30.74,75.79
2011-12-06,44898.7,12992.44,46.44,37.93,30.74,75.79
2011-12-07,44898.7,12992.44,46.44,37.93,30.74,75.79
2011-12-08,44898.7,12992.44,46.44,37.93,30.74,75.79
2011-12-09,44898.7,12992.44,46.44,37.93,30.74,75.79
2011-12-10,44898.7,12992.44,46.44,37.93,30.74,75.79
2011-12-13,44898.7,12992.44,46.44,37.93,30.74,75.79
2011-12-15,44898.7,12992.44,46.44,37.93,30.74,75.79
2011-12-16,44898.7,12992.44,46.44,37.93,30.74,75.79
2011-12-17,44898.7,12992.44,46.44,37.93,30.74,75.79
2011-12-19,44898.7,12992.44,46.44,37.93,30.74,75.79
2011-12-20,44898.7,12992.44,46.44,37.93,30.74,75.79
2011-12-21,44898.7,12992.44,46.44,37.93,30.74,75.79
2011-12-22,44898.7,12992.44,46.44,37.93,30.74,75.79
2011-12-23,44898.7,12992.44,46.44,37.93,30.74,75.79
2011-12-26,44898.7,12992.44,46.44,37.93,30.74,75.79
2011-12-27,44898.7,12992.44,46.44,37.93,30.74,75.79
2011-12-28,44898.7,12992.44,46.44,37.93,30.74,75.79
2011-12-29,44898.7,12992.44,46.44,37.93,30.74,75.79
2011-12-30,44898.7,12992.44,46.44,37.93,30.74,75.79
2012-01-11,48830.4,13128.84,47.71,39.47,31.25,75.74
2012-01-12,48830.4,13128.84,47.71,39.47,31.25,75.74
2012-01-13,48830.4,13128.84,47.71,39.47,31.25,75.74
2012-01-16,48830.4,13128.84,47.71,39.47,31.25,75.74
2012-01-17,48830.4,13128.84,47.71,39.47,31.25,75.74
2012-01-18,48830.4,13128.84,47.71,39.47,31.25,75.74
2012-01-19,48830.4,13128.84,47.71,39.47,31.25,75.74
2012-01-20,48830.4,13128.84,47.71,39.47,31.25,75.74
2012-01-21,48830.4,13128.84,47.71,39.47,31.25,75.74
2012-01-23,48830.4,13128.84,47.71,39.47,31.25,75.74
2012-01-24,48830.4,13128.84,47.71,39.47,31.25,75.74
2012-01-25,48830.4,13128.84,47.71,39.47,31.25,75.74
2012-01-26,48830.4,13128.84,47.71,39.47,31.25,75.74
2012-01-28,48830.4,13128.84,47.71,39.47,31.25,75.74
2012-01-30,48830.4,13128.84,47.71,39.47,31.25,75.74
2012-01-31,48830.4,13128.84,47.71,39.47,31.25,75.74
2012-02-01,48830.4,13166.88,45.53,38.39,31.12,75.74
2012-02-02,48830.4,13166.88,45.53,38.39,31.12,75.74
2012-02-03,48830.4,13166.88,45.53,38.39,31.12,75.74
2012-02-04,48830.4,13166.88,45.53,38.39,31.12,75.74
2012-02-06,48830.4,13166.88,45.53,38.39,31.12,75.74
2012-02-08,48830.4,13166.88,45.53,38.39,31.12,75.74
2012-02-09,48830.4,13166.88,45.53,38.39,31.12,75.74
2012-02-10,48830.4,13166.88,45.53,38.39,31.12,75.74
2012-02-11,48830.4,13166.88,45.53,38.39,31.12,75.74
2012-02-13,48830.4,13166.88,45.53,38.39,31.12,75.74
2012-02-14,48830.4,13166.88,45.53,38.39,31.12,75.74
2012-02-15,48830.4,13166.88,45.53,38.39,31.12,75.74
2012-02-16,48830.4,13166.88,45.53,38.39,31.12,75.74
2012-02-17,48830.4,13166.88,45.53,38.39,31.12,75.74
2012-02-20,48830.4,13166.88,45.53,38.39,31.12,75.74
2012-02-21,48830.4,13166.88,45.53,38.39,31.12,75.74
2012-02-22,48830.4,13166.88,45.53,38.39,31.12,75.74
2012-02-24,48830.4,13166.88,45.53,38.39,31.12,75.74
2012-02-25,48830.4,13166.88,45.53,38.39,31.12,75.74
2012-02-27,48830.4,13166.88,45.53,38.39,31.12,75.74
2012-02-28,48830.4,13166.88,45.53,38.39,31.12,75.74
2012-02-29,48830.4,13166.88,45.53,38.39,31.12,75.74
2012-03-01,48830.4,13243.77,45.31,38.45,31.64,75.74
2012-03-02,48830.4,13243.77,45.31,38.45,31.64,75.74
2012-03-03,48830.4,13243.77,45.31,38.45,31.64,75.74
2012-03-05,48830.4,13243.77,45.31,38.45,31.64,75.74
2012-03-06,48830.4,13243.77,45.31,38.45,31.64,75.74
2012-03-07,48830.4,13243.77,45.31,38.45,31.64,75.74
2012-03-10,48830.4,13243.77,45.31,38.45,31.64,75.74
2012-03-11,48830.4,13243.77,45.31,38.45,31.64,75.74
2012-03-12,48830.4,13243.77,45.31,38.45,31.64,75.74
2012-03-13,48830.4,13243.77,45.31,38.45,31.64,75.74
2012-03-14,48830.4,13243.77,45.31,38.45,31.64,75.74
2012-03-15,48830.4,13243.77,45.31,38.45,31.64,75.74
2012-03-17,48830.4,13243.77,45.31,38.45,31.64,75.74
2012-03-19,48830.4,13243.77,45.31,38.45,31.64,75.74
2012-03-20,48830.4,13243.77,45.31,38.45,31.64,75.74
2012-03-21,48830.4,13243.77,45.31,38.45,31.64,75.74
2012-03-22,48830.4,13243.77,45.31,38.45,31.64,75.74
2012-03-23,48830.4,13243.77,45.31,38.45,31.64,75.74
2012-03-24,48830.4,13243.77,45.31,38.45,31.64,75.74
2012-03-26,48830.4,13243.77,45.31,38.45,31.64,75.74
2012-03-27,48830.4,13243.77,45.31,38.45,31.64,75.74
2012-03-28,48830.4,13243.77,45.31,38.45,31.64,75.74
2012-03-29,48830.4,13243.77,45.31,38.45,31.64,75.74
2012-03-30,48830.4,13243.77,45.31,38.45,31.64,75.74
2012-03-31,48830.4,13243.77,45.31,38.45,31.64,75.74
2012-04-03,48830.4,13292.33,44.25,37.85,30.89,75.74
2012-04-04,48830.4,13292.33,44.25,37.85,30.89,75.74
2012-04-05,48830.4,13292.33,44.25,37.85,30.89,75.74
2012-04-06,48830.4,13292.33,44.25,37.85,30.89,75.74
2012-04-07,48830.4,13292.33,44.25,37.85,30.89,75.74
2012-04-10,48830.4,13292.33,44.25,37.85,30.89,75.74
2012-04-13,48830.4,13292.33,44.25,37.85,30.89,75.74
2012-04-17,48830.4,13292.33,44.25,37.85,30.89,75.74
2012-04-18,48830.4,13292.33,44.25,37.85,30.89,75.74
2012-04-19,48830.4,13292.33,44.25,37.85,30.89,75.74
2012-04-20,48830.4,13292.33,44.25,37.85,30.89,75.74
2012-04-23,48830.4,13292.33,44.25,37.85,30.89,75.74
2012-04-24,48830.4,13292.33,44.25,37.85,30.89,75.74
2012-04-25,48830.4,13292.33,44.25,37.85,30.89,75.74
2012-04-26,48830.4,13292.33,44.25,37.85,30.89,75.74
2012-04-27,48830.4,13292.33,44.25,37.85,30.89,75.74
2012-04-28,48830.4,13292.33,44.25,37.85,30.89,75.74
2012-05-02,48830.4,13350.32,44.57,37.96,30.67,75.74
2012-05-03,48830.4,13350.32,44.57,37.96,30.67,75.74
2012-05-04,48830.4,13350.32,44.57,37.96,30.67,75.74
2012-05-05,48830.4,13350.32,44.57,37.96,30.67,75.74
2012-05-07,48830.4,13350.32,44.57,37.96,30.67,75.74
2012-05-10,48830.4,13350.32,44.57,37.96,30.67,75.74
2012-05-11,48830.4,13350.32,44.57,37.96,30.67,75.74
2012-05-14,48830.4,13350.32,44.57,37.96,30.67,75.74
2012-05-15,48830.4,13350.32,44.57,37.96,30.67,75.74
2012-05-16,48830.4,13350.32,44.57,37.96,30.67,75.74
2012-05-17,48830.4,13350.32,44.57,37.96,30.67,75.74
2012-05-18,48830.4,13350.32,44.57,37.96,30.67,75.74
2012-05-19,48830.4,13350.32,44.57,37.96,30.67,75.74
2012-05-21,48830.4,13350.32,44.57,37.96,30.67,75.74
2012-05-22,48830.4,13350.32,44.57,37.96,30.67,75.74
2012-05-23,48830.4,13350.32,44.57,37.96,30.67,75.74
2012-05-24,48830.4,13350.32,44.57,37.96,30.67,75.74
2012-05-25,48830.4,13350.32,44.57,37.96,30.67,75.74
2012-05-28,48830.4,13350.32,44.57,37.96,30.67,75.74
2012-05-29,48830.4,13350.32,44.57,37.96,30.67,75.74
2012-05-30,48830.4,13350.32,44.57,37.96,30.67,75.74
2012-05-31,48830.4,13350.32,44.57,37.96,30.67,75.74
2012-06-01,48830.4,13494.23,46.29,39.0,30.48,75.74
2012-06-04,48830.4,13494.23,46.29,39.0,30.48,75.74
2012-06-05,48830.4,13494.23,46.29,39.0,30.48,75.74
2012-06-06,48830.4,13494.23,46.29,39.0,30.48,75.74
2012-06-07,48830.4,13494.23,46.29,39.0,30.48,75.74
2012-06-08,48830.4,13494.23,46.29,39.0,30.48,75.74
2012-06-09,48830.4,13494.23,46.29,39.0,30.48,75.74
2012-06-11,48830.4,13494.23,46.29,39.0,30.48,75.74
2012-06-13,48830.4,13494.23,46.29,39.0,30.48,75.74
2012-06-14,48830.4,13494.23,46.29,39.0,30.48,75.74
2012-06-15,48830.4,13494.23,46.29,39.0,30.48,75.74
2012-06-20,48830.4,13494.23,46.29,39.0,30.48,75.74
2012-06-21,48830.4,13494.23,46.29,39.0,30.48,75.74
2012-06-22,48830.4,13494.23,46.29,39.0,30.48,75.74
2012-06-23,48830.4,13494.23,46.29,39.0,30.48,75.74
2012-06-25,48830.4,13494.23,46.29,39.0,30.48,75.74
2012-06-26,48830.4,13494.23,46.29,39.0,30.48,75.74
2012-06-27,48830.4,13494.23,46.29,39.0,30.48,75.74
2012-06-28,48830.4,13494.23,46.29,39.0,30.48,75.74
2012-06-29,48830.4,13494.23,46.29,39.0,30.48,75.74
2012-06-30,48830.4,13494.23,46.29,39.0,30.48,75.74
2012-07-02,48830.4,13762.47,43.42,38.25,31.1,75.74
2012-07-04,48830.4,13762.47,43.42,38.25,31.1,75.74
2012-07-05,48830.4,13762.47,43.42,38.25,31.1,75.74
2012-07-06,48830.4,13762.47,43.42,38.25,31.1,75.74
2012-07-07,48830.4,13762.47,43.42,38.25,31.1,75.74
2012-07-09,48830.4,13762.47,43.42,38.25,31.1,75.74
2012-07-10,48830.4,13762.47,43.42,38.25,31.1,75.74
2012-07-11,48830.4,13762.47,43.42,38.25,31.1,75.74
2012-07-12,48830.4,13762.47,43.42,38.25,31.1,75.74
2012-07-14,48830.4,13762.47,43.42,38.25,31.1,75.74
2012-07-16,48830.4,13762.47,43.42,38.25,31.1,75.74
2012-07-17,48830.4,13762.47,43.42,38.25,31.1,75.74
2012-07-18,48830.4,13762.47,43.42,38.25,31.1,75.74
2012-07-19,48830.4,13762.47,43.42,38.25,31.1,75.74
2012-07-20,48830.4,13762.47,43.42,38.25,31.1,75.74
2012-07-21,48830.4,13762.47,43.42,38.25,31.1,75.74
2012-07-23,48830.4,13762.47,43.42,38.25,31.1,75.74
2012-07-24,48830.4,13762.47,43.42,38.25,31.1,75.74
2012-07-25,48830.4,13762.47,43.42,38.25,31.1,75.74
2012-07-26,48830.4,13762.47,43.42,38.25,31.1,75.74
2012-07-27,48830.4,13762.47,43.42,38.25,31.1,75.74
2012-07-30,48830.4,13762.47,43.42,38.25,31.1,75.74
2012-07-31,48830.4,13762.47,43.42,38.25,31.1,75.74
2012-08-02,48830.4,13660.59,46.64,40.22,32.11,75.74
2012-08-03,48830.4,13660.59,46.64,40.22,32.11,75.74
2012-08-07,48830.4,13660.59,46.64,40.22,32.11,75.74
2012-08-08,48830.4,13660.59,46.64,40.22,32.11,75.74
2012-08-09,48830.4,13660.59,46.64,40.22,32.11,75.74
2012-08-10,48830.4,13660.59,46.64,40.22,32.11,75.74
2012-08-14,48830.4,13660.59,46.64,40.22,32.11,75.74
2012-08-15,48830.4,13660.59,46.64,40.22,32.11,75.74
2012-08-16,48830.4,13660.59,46.64,40.22,32.11,75.74
2012-08-18,48830.4,13660.59,46.64,40.22,32.11,75.74
2012-08-20,48830.4,13660.59,46.64,40.22,32.11,75.74
2012-08-22,48830.4,13660.59,46.64,40.22,32.11,75.74
2012-08-23,48830.4,13660.59,46.64,40.22,32.11,75.74
2012-08-24,48830.4,13660.59,46.64,40.22,32.11,75.74
2012-08-25,48830.4,13660.59,46.64,40.22,32.11,75.74
2012-08-27,48830.4,13660.59,46.64,40.22,32.11,75.74
2012-08-28,48830.4,13660.59,46.64,40.22,32.11,75.74
2012-08-29,48830.4,13660.59,46.64,40.22,32.11,75.74
2012-08-30,48830.4,13660.59,46.64,40.22,32.11,75.74
2012-08-31,48830.4,13660.59,46.64,40.22,32.11,75.74
2012-09-03,48830.4,13726.03,47.3,40.66,32.9,75.74
2012-09-04,48830.4,13726.03,47.3,40.66,32.9,75.74
2012-09-05,48830.4,13726.03,47.3,40.66,32.9,75.74
2012-09-06,48830.4,13726.03,47.3,40.66,32.9,75.74
2012-09-07,48830.4,13726.03,47.3,40.66,32.9,75.74
2012-09-08,48830.4,13726.03,47.3,40.66,32.9,75.74
2012-09-10,48830.4,13726.03,47.3,40.66,32.9,75.74
2012-09-11,48830.4,13726.03,47.3,40.66,32.9,75.74
2012-09-12,48830.4,13726.03,47.3,40.66,32.9,75.74
2012-09-13,48830.4,13726.03,47.3,40.66,32.9,75.74
2012-09-14,48830.4,13726.03,47.3,40.66,32.9,75.74
2012-09-15,48830.4,13726.03,47.3,40.66,32.9,75.74
2012-09-17,48830.4,13726.03,47.3,40.66,32.9,75.74
2012-09-18,48830.4,13726.03,47.3,40.66,32.9,75.74
2012-09-19,48830.4,13726.03,47.3,40.66,32.9,75.74
2012-09-20,48830.4,13726.03,47.3,40.66,32.9,75.74
2012-09-21,48830.4,13726.03,47.3,40.66,32.9,75.74
2012-09-22,48830.4,13726.03,47.3,40.66,32.9,75.74
2012-09-24,48830.4,13726.03,47.3,40.66,32.9,75.74
2012-09-25,48830.4,13726.03,47.3,40.66,32.9,75.74
2012-09-26,48830.4,13726.03,47.3,40.66,32.9,75.74
2012-09-27,48830.4,13726.03,47.3,40.66,32.9,75.74
2012-09-28,48830.4,13726.03,47.3,40.66,32.9,75.74
2012-09-29,48830.4,13726.03,47.3,40.66,32.9,75.74
2012-10-01,48830.4,13807.34,47.19,41.19,32.69,75.74
2012-10-02,48830.4,13807.34,47.19,41.19,32.69,75.74
2012-10-03,48830.4,13807.34,47.19,41.19,32.69,75.74
2012-10-04,48830.4,13807.34,47.19,41.19,32.69,75.74
2012-10-05,48830.4,13807.34,47.19,41.19,32.69,75.74
2012-10-06,48830.4,13807.34,47.19,41.19,32.69,75.74
2012-10-08,48830.4,13807.34,47.19,41.19,32.69,75.74
2012-10-09,48830.4,13807.34,47.19,41.19,32.69,75.74
2012-10-10,48830.4,13807.34,47.19,41.19,32.69,75.74
2012-10-11,48830.4,13807.34,47.19,41.19,32.69,75.74
2012-10-12,48830.4,13807.34,47.19,41.19,32.69,75.74
2012-10-13,48830.4,13807.34,47.19,41.19,32.69,75.74
2012-10-15,48830.4,13807.34,47.19,41.19,32.69,75.74
2012-10-16,48830.4,13807.34,47.19,41.19,32.69,75.74
2012-10-17,48830.4,13807.34,47.19,41.19,32.69,75.74
2012-10-18,48830.4,13807.34,47.19,41.19,32.69,75.74
2012-10-19,48830.4,13807.34,47.19,41.19,32.69,75.74
2012-10-20,48830.4,13807.34,47.19,41.19,32.69,75.74
2012-10-22,48830.4,13807.34,47.19,41.19,32.69,75.74
2012-10-23,48830.4,13807.34,47.19,41.19,32.69,75.74
2012-10-24,48830.4,13807.34,47.19,41.19,32.69,75.74
2012-10-25,48830.4,13807.34,47.19,41.19,32.69,75.74
2012-10-26,48830.4,13807.34,47.19,41.19,32.69,75.74
2012-10-27,48830.4,13807.34,47.19,41.19,32.69,75.74
2012-10-29,48830.4,13807.34,47.19,41.19,32.69,75.74
2012-10-30,48830.4,13807.34,47.19,41.19,32.69,75.74
2012-10-31,48830.4,13807.34,47.19,41.19,32.69,75.74
2012-11-01,48830.4,13872.82,48.97,40.83,32.93,75.74
2012-11-02,48830.4,13872.82,48.97,40.83,32.93,75.74
2012-11-03,48830.4,13872.82,48.97,40.83,32.93,75.74
2012-11-06,48830.4,13872.82,48.97,40.83,32.93,75.74
2012-11-07,48830.4,13872.82,48.97,40.83,32.93,75.74
2012-11-08,48830.4,13872.82,48.97,40.83,32.93,75.74
2012-11-09,48830.4,13872.82,48.97,40.83,32.93,75.74
2012-11-10,48830.4,13872.82,48.97,40.83,32.93,75.74
2012-11-12,48830.4,13872.82,48.97,40.83,32.93,75.74
2012-11-13,48830.4,13872.82,48.97,40.83,32.93,75.74
2012-11-14,48830.4,13872.82,48.97,40.83,32.93,75.74
2012-11-15,48830.4,13872.82,48.97,40.83,32.93,75.74
2012-11-16,48830.4,13872.82,48.97,40.83,32.93,75.74
2012-11-17,48830.4,13872.82,48.97,40.83,32.93,75.74
2012-11-19,48830.4,13872.82,48.97,40.83,32.93,75.74
2012-11-20,48830.4,13872.82,48.97,40.83,32.93,75.74
2012-11-21,48830.4,13872.82,48.97,40.83,32.93,75.74
2012-11-22,48830.4,13872.82,48.97,40.83,32.93,75.74
2012-11-23,48830.4,13872.82,48.97,40.83,32.93,75.74
2012-11-26,48830.4,13872.82,48.97,40.83,32.93,75.74
2012-11-27,48830.4,13872.82,48.97,40.83,32.93,75.74
2012-11-28,48830.4,13872.82,48.97,40.83,32.93,75.74
2012-11-29,48830.4,13872.82,48.97,40.83,32.93,75.74
2012-11-30,48830.4,13872.82,48.97,40.83,32.93,75.74
2012-12-01,48830.4,13948.2,46.94,41.01,33.1,75.74
2012-12-03,48830.4,13948.2,46.94,41.01,33.1,75.74
2012-12-04,48830.4,13948.2,46.94,41.01,33.1,75.74
2012-12-05,48830.4,13948.2,46.94,41.01,33.1,75.74
2012-12-06,48830.4,13948.2,46.94,41.01,33.1,75.74
2012-12-10,48830.4,13948.2,46.94,41.01,33.1,75.74
2012-12-11,48830.4,13948.2,46.94,41.01,33.1,75.74
2012-12-12,48830.4,13948.2,46.94,41.01,33.1,75.74
2012-12-13,48830.4,13948.2,46.94,41.01,33.1,75.74
2012-12-14,48830.4,13948.2,46.94,41.01,33.1,75.74
2012-12-15,48830.4,13948.2,46.94,41.01,33.1,75.74
2012-12-17,48830.4,13948.2,46.94,41.01,33.1,75.74
2012-12-18,48830.4,13948.2,46.94,41.01,33.1,75.74
2012-12-19,48830.4,13948.2,46.94,41.01,33.1,75.74
2012-12-20,48830.4,13948.2,46.94,41.01,33.1,75.74
2012-12-21,48830.4,13948.2,46.94,41.01,33.1,75.74
2012-12-22,48830.4,13948.2,46.94,41.01,33.1,75.74
2012-12-24,48830.4,13948.2,46.94,41.01,33.1,75.74
2012-12-25,48830.4,13948.2,46.94,41.01,33.1,75.74
2012-12-26,48830.4,13948.2,46.94,41.01,33.1,75.74
2012-12-27,48830.4,13948.2,46.94,41.01,33.1,75.74
2012-12-28,48830.4,13948.2,46.94,41.01,33.1,75.74
2012-12-29,48830.4,13948.2,46.94,41.01,33.1,75.74
2012-12-30,48830.4,13948.2,46.94,41.01,33.1,75.74
2013-01-09,55485.2,14289.4,45.2,40.25,32.84,76.37
2013-01-10,55485.2,14289.4,45.2,40.25,32.84,76.37
2013-01-11,55485.2,14289.4,45.2,40.25,32.84,76.37
2013-01-12,55485.2,14289.4,45.2,40.25,32.84,76.37
2013-01-14,55485.2,14289.4,45.2,40.25,32.84,76.37
2013-01-16,55485.2,14289.4,45.2,40.25,32.84,76.37
2013-01-17,55485.2,14289.4,45.2,40.25,32.84,76.37
2013-01-18,55485.2,14289.4,45.2,40.25,32.84,76.37
2013-01-21,55485.2,14289.4,45.2,40.25,32.84,76.37
2013-01-23,55485.2,14289.4,45.2,40.25,32.84,76.37
2013-01-24,55485.2,14289.4,45.2,40.25,32.84,76.37
2013-01-25,55485.2,14289.4,45.2,40.25,32.84,76.37
2013-01-28,55485.2,14289.4,45.2,40.25,32.84,76.37
2013-01-29,55485.2,14289.4,45.2,40.25,32.84,76.37
2013-01-30,55485.2,14289.4,45.2,40.25,32.84,76.37
2013-01-31,55485.2,14289.4,45.2,40.25,32.84,76.37
2013-02-01,55485.2,14377.54,47.9,0.1,32.62,76.37
2013-02-04,55485.2,14377.54,47.9,0.1,32.62,76.37
2013-02-05,55485.2,14377.54,47.9,0.1,32.62,76.37
2013-02-06,55485.2,14377.54,47.9,0.1,32.62,76.37
2013-02-07,55485.2,14377.54,47.9,0.1,32.62,76.37
2013-02-08,55485.2,14377.54,47.9,0.1,32.62,76.37
2013-02-09,55485.2,14377.54,47.9,0.1,32.62,76.37
2013-02-11,55485.2,14377.54,47.9,0.1,32.62,76.37
2013-02-12,55485.2,14377.54,47.9,0.1,32.62,76.37
2013-02-13,55485.2,14377.54,47.9,0.1,32.62,76.37
2013-02-14,55485.2,14377.54,47.9,0.1,32.62,76.37
2013-02-15,55485.2,14377.54,47.9,0.1,32.62,76.37
2013-02-16,55485.2,14377.54,47.9,0.1,32.62,76.37
2013-02-18,55485.2,14377.54,47.9,0.1,32.62,76.37
2013-02-19,55485.2,14377.54,47.9,0.1,32.62,76.37
2013-02-20,55485.2,14377.54,47.9,0.1,32.62,76.37
2013-02-21,55485.2,14377.54,47.9,0.1,32.62,76.37
2013-02-22,55485.2,14377.54,47.9,0.1,32.62,76.37
2013-02-25,55485.2,14377.54,47.9,0.1,32.62,76.37
2013-02-26,55485.2,14377.54,47.9,0.1,32.62,76.37
2013-03-01,55485.2,14581.91,47.56,41.96,33.07,76.37
2013-03-02,55485.2,14581.91,47.56,41.96,33.07,76.37
2013-03-04,55485.2,14581.91,47.56,41.96,33.07,76.37
2013-03-05,55485.2,14581.91,47.56,41.96,33.07,76.37
2013-03-06,55485.2,14581.91,47.56,41.96,33.07,76.37
2013-03-07,55485.2,14581.91,47.56,41.96,33.07,76.37
2013-03-09,55485.2,14581.91,47.56,41.96,33.07,76.37
2013-03-11,55485.2,14581.91,47.56,41.96,33.07,76.37
2013-03-12,55485.2,14581.91,47.56,41.96,33.07,76.37
2013-03-13,55485.2,14581.91,47.56,41.96,33.07,76.37
2013-03-14,55485.2,14581.91,47.56,41.96,33.07,76.37
2013-03-15,55485.2,14581.91,47.56,41.96,33.07,76.37
2013-03-16,55485.2,14581.91,47.56,41.96,33.07,76.37
2013-03-18,55485.2,14581.91,47.56,41.96,33.07,76.37
2013-03-19,55485.2,14581.91,47.56,41.96,33.07,76.37
2013-03-20,55485.2,14581.91,47.56,41.96,33.07,76.37
2013-03-21,55485.2,14581.91,47.56,41.96,33.07,76.37
2013-03-22,55485.2,14581.91,47.56,41.96,33.07,76.37
2013-03-23,55485.2,14581.91,47.56,41.96,33.07,76.37
2013-03-25,55485.2,14581.91,47.56,41.96,33.07,76.37
2013-03-26,55485.2,14581.91,47.56,41.96,33.07,76.37
2013-03-27,55485.2,14581.91,47.56,41.96,33.07,76.37
2013-03-28,55485.2,14581.91,47.56,41.96,33.07,76.37
2013-03-29,55485.2,14581.91,47.56,41.96,33.07,76.37
2013-03-30,55485.2,14581.91,47.56,41.96,33.07,76.37
2013-04-01,55485.2,14739.33,47.09,41.3,32.61,76.37
2013-04-02,55485.2,14739.33,47.09,41.3,32.61,76.37
2013-04-03,55485.2,14739.33,47.09,41.3,32.61,76.37
2013-04-04,55485.2,14739.33,47.09,41.3,32.61,76.37
2013-04-05,55485.2,14739.33,47.09,41.3,32.61,76.37
2013-04-06,55485.2,14739.33,47.09,41.3,32.61,76.37
2013-04-08,55485.2,14739.33,47.09,41.3,32.61,76.37
2013-04-09,55485.2,14739.33,47.09,41.3,32.61,76.37
2013-04-10,55485.2,14739.33,47.09,41.3,32.61,76.37
2013-04-11,55485.2,14739.33,47.09,41.3,32.61,76.37
2013-04-12,55485.2,14739.33,47.09,41.3,32.61,76.37
2013-04-13,55485.2,14739.33,47.09,41.3,32.61,76.37
2013-04-15,55485.2,14739.33,47.09,41.3,32.61,76.37
2013-04-16,55485.2,14739.33,47.09,41.3,32.61,76.37
2013-04-17,55485.2,14739.33,47.09,41.3,32.61,76.37
2013-04-18,55485.2,14739.33,47.09,41.3,32.61,76.37
2013-04-19,55485.2,14739.33,47.09,41.3,32.61,76.37
2013-04-20,55485.2,14739.33,47.09,41.3,32.61,76.37
2013-04-22,55485.2,14739.33,47.09,41.3,32.61,76.37
2013-04-23,55485.2,14739.33,47.09,41.3,32.61,76.37
2013-04-24,55485.2,14739.33,47.09,41.3,32.61,76.37
2013-04-25,55485.2,14739.33,47.09,41.3,32.61,76.37
2013-04-26,55485.2,14739.33,47.09,41.3,32.61,76.37
2013-04-27,55485.2,14739.33,47.09,41.3,32.61,76.37
2013-04-29,55485.2,14739.33,47.09,41.3,32.61,76.37
2013-04-30,55485.2,14739.33,47.09,41.3,32.61,76.37
2013-05-04,55485.2,14983.92,47.35,40.77,2.31,76.37
2013-05-06,55485.2,14983.92,47.35,40.77,2.31,76.37
2013-05-07,55485.2,14983.92,47.35,40.77,2.31,76.37
2013-05-08,55485.2,14983.92,47.35,40.77,2.31,76.37
2013-05-13,55485.2,14983.92,47.35,40.77,2.31,76.37
2013-05-14,55485.2,14983.92,47.35,40.77,2.31,76.37
2013-05-15,55485.2,14983.92,47.35,40.77,2.31,76.37
2013-05-16,55485.2,14983.92,47.35,40.77,2.31,76.37
2013-05-17,55485.2,14983.92,47.35,40.77,2.31,76.37
2013-05-20,55485.2,14983.92,47.35,40.77,2.31,76.37
2013-05-21,55485.2,14983.92,47.35,40.77,2.31,76.37
2013-05-22,55485.2,14983.92,47.35,40.77,2.31,76.37
2013-05-23,55485.2,14983.92,47.35,40.77,2.31,76.37
2013-05-24,55485.2,14983.92,47.35,40.77,2.31,76.37
2013-05-25,55485.2,14983.92,47.35,40.77,2.31,76.37
2013-05-27,55485.2,14983.92,47.35,40.77,2.31,76.37
2013-05-28,55485.2,14983.92,47.35,40.77,2.31,76.37
2013-05-29,55485.2,14983.92,47.35,40.77,2.31,76.37
2013-05-30,55485.2,14983.92,47.35,40.77,2.31,76.37
2013-05-31,55485.2,14983.92,47.35,40.77,2.31,76.37
2013-06-01,55485.2,15130.84,46.56,41.09,32.23,76.37
2013-06-03,55485.2,15130.84,46.56,41.09,32.23,76.37
2013-06-04,55485.2,15130.84,46.56,41.09,32.23,76.37
2013-06-05,55485.2,15130.84,46.56,41.09,32.23,76.37
2013-06-06,55485.2,15130.84,46.56,41.09,32.23,76.37
2013-06-07,55485.2,15130.84,46.56,41.09,32.23,76.37
2013-06-10,55485.2,15130.84,46.56,41.09,32.23,76.37
2013-06-11,55485.2,15130.84,46.56,41.09,32.23,76.37
2013-06-12,55485.2,15130.84,46.56,41.09,32.23,76.37
2013-06-13,55485.2,15130.84,46.56,41.09,32.23,76.37
2013-06-14,55485.2,15130.84,46.56,41.09,32.23,76.37
2013-06-15,55485.2,15130.84,46.56,41.09,32.23,76.37
2013-06-17,55485.2,15130.84,46.56,41.09,32.23,76.37
2013-06-18,55485.2,15130.84,46.56,41.09,32.23,76.37
2013-06-19,55485.2,15130.84,46.56,41.09,32.23,76.37
2013-06-20,55485.2,15130.84,46.56,41.09,32.23,76.37
2013-06-21,55485.2,15130.84,46.56,41.09,32.23,76.37
2013-06-22,55485.2,15130.84,46.56,41.09,32.23,76.37
2013-06-24,55485.2,15130.84,46.56,41.09,32.23,76.37
2013-06-25,55485.2,15130.84,46.56,41.09,32.23,76.37
2013-06-26,55485.2,15130.84,46.56,41.09,32.23,76.37
2013-06-27,55485.2,15130.84,46.56,41.09,32.23,76.37
2013-06-28,55485.2,15130.84,46.56,41.09,32.23,76.37
2013-06-29,55485.2,15130.84,46.56,41.09,32.23,76.37
2013-07-01,55485.2,15163.82,48.08,41.42,32.55,76.37
2013-07-02,55485.2,15163.82,48.08,41.42,32.55,76.37
2013-07-03,55485.2,15163.82,48.08,41.42,32.55,76.37
2013-07-04,55485.2,15163.82,48.08,41.42,32.55,76.37
2013-07-05,55485.2,15163.82,48.08,41.42,32.55,76.37
2013-07-06,55485.2,15163.82,48.08,41.42,32.55,76.37
2013-07-08,55485.2,15163.82,48.08,41.42,32.55,76.37
2013-07-09,55485.2,15163.82,48.08,41.42,32.55,76.37
2013-07-10,55485.2,15163.82,48.08,41.42,32.55,76.37
2013-07-11,55485.2,15163.82,48.08,41.42,32.55,76.37
2013-07-12,55485.2,15163.82,48.08,41.42,32.55,76.37
2013-07-13,55485.2,15163.82,48.08,41.42,32.55,76.37
2013-07-14,55485.2,15163.82,48.08,41.42,32.55,76.37
2013-07-15,55485.2,15163.82,48.08,41.42,32.55,76.37
2013-07-16,55485.2,15163.82,48.08,41.42,32.55,76.37
2013-07-17,55485.2,15163.82,48.08,41.42,32.55,76.37
2013-07-18,55485.2,15163.82,48.08,41.42,32.55,76.37
2013-07-19,55485.2,15163.82,48.08,41.42,32.55,76.37
2013-07-20,55485.2,15163.82,48.08,41.42,32.55,76.37
2013-07-22,55485.2,15163.82,48.08,41.42,32.55,76.37
2013-07-23,55485.2,15163.82,48.08,41.42,32.55,76.37
2013-07-24,55485.2,15163.82,48.08,41.42,32.55,76.37
2013-07-25,55485.2,15163.82,48.08,41.42,32.55,76.37
2013-07-26,55485.2,15163.82,48.08,41.42,32.55,76.37
2013-07-27,55485.2,15163.82,48.08,41.42,32.55,76.37
2013-07-29,55485.2,15163.82,48.08,41.42,32.55,76.37
2013-07-30,55485.2,15163.82,48.08,41.42,32.55,76.37
2013-07-31,55485.2,15163.82,48.08,41.42,32.55,76.37
2013-08-01,55485.2,15241.93,48.22,42.33,33.15,76.37
2013-08-02,55485.2,15241.93,48.22,42.33,33.15,76.37
2013-08-03,55485.2,15241.93,48.22,42.33,33.15,76.37
2013-08-05,55485.2,15241.93,48.22,42.33,33.15,76.37
2013-08-06,55485.2,15241.93,48.22,42.33,33.15,76.37
2013-08-07,55485.2,15241.93,48.22,42.33,33.15,76.37
2013-08-08,55485.2,15241.93,48.22,42.33,33.15,76.37
2013-08-09,55485.2,15241.93,48.22,42.33,33.15,76.37
2013-08-10,55485.2,15241.93,48.22,42.33,33.15,76.37
2013-08-12,55485.2,15241.93,48.22,42.33,33.15,76.37
2013-08-13,55485.2,15241.93,48.22,42.33,33.15,76.37
2013-08-14,55485.2,15241.93,48.22,42.33,33.15,76.37
2013-08-15,55485.2,15241.93,48.22,42.33,33.15,76.37
2013-08-16,55485.2,15241.93,48.22,42.33,33.15,76.37
2013-08-17,55485.2,15241.93,48.22,42.33,33.15,76.37
2013-08-19,55485.2,15241.93,48.22,42.33,33.15,76.37
2013-08-20,55485.2,15241.93,48.22,42.33,33.15,76.37
2013-08-21,55485.2,15241.93,48.22,42.33,33.15,76.37
2013-08-22,55485.2,15241.93,48.22,42.33,33.15,76.37
2013-08-23,55485.2,15241.93,48.22,42.33,33.15,76.37
2013-08-24,55485.2,15241.93,48.22,42.33,33.15,76.37
2013-08-26,55485.2,15241.93,48.22,42.33,33.15,76.37
2013-08-27,55485.2,15241.93,48.22,42.33,33.15,76.37
2013-08-28,55485.2,15241.93,48.22,42.33,33.15,76.37
2013-08-29,55485.2,15241.93,48.22,42.33,33.15,76.37
2013-08-30,55485.2,15241.93,48.22,42.33,33.15,76.37
2013-08-31,55485.2,15241.93,48.22,42.33,33.15,76.37
2013-09-02,55485.2,15215.84,49.12,42.1,34.53,76.37
2013-09-03,55485.2,15215.84,49.12,42.1,34.53,76.37
2013-09-04,55485.2,15215.84,49.12,42.1,34.53,76.37
2013-09-05,55485.2,15215.84,49.12,42.1,34.53,76.37
2013-09-06,55485.2,15215.84,49.12,42.1,34.53,76.37
2013-09-07,55485.2,15215.84,49.12,42.1,34.53,76.37
2013-09-09,55485.2,15215.84,49.12,42.1,34.53,76.37
2013-09-10,55485.2,15215.84,49.12,42.1,34.53,76.37
2013-09-11,55485.2,15215.84,49.12,42.1,34.53,76.37
2013-09-12,55485.2,15215.84,49.12,42.1,34.53,76.37
2013-09-13,55485.2,15215.84,49.12,42.1,34.53,76.37
2013-09-14,55485.2,15215.84,49.12,42.1,34.53,76.37
2013-09-16,55485.2,15215.84,49.12,42.1,34.53,76.37
2013-09-17,55485.2,15215.84,49.12,42.1,34.53,76.37
2013-09-18,55485.2,15215.84,49.12,42.1,34.53,76.37
2013-09-19,55485.2,15215.84,49.12,42.1,34.53,76.37
2013-09-20,55485.2,15215.84,49.12,42.1,34.53,76.37
2013-09-21,55485.2,15215.84,49.12,42.1,34.53,76.37
2013-09-23,55485.2,15215.84,49.12,42.1,34.53,76.37
2013-09-24,55485.2,15215.84,49.12,42.1,34.53,76.37
2013-09-25,55485.2,15215.84,49.12,42.1,34.53,76.37
2013-09-26,55485.2,15215.84,49.12,42.1,34.53,76.37
2013-09-27,55485.2,15215.84,49.12,42.1,34.53,76.37
2013-09-28,55485.2,15215.84,49.12,42.1,34.53,76.37
2013-09-30,55485.2,15215.84,49.12,42.1,34.53,76.37
2013-10-01,55485.2,15285.65,48.28,41.96,34.52,76.37
2013-10-02,55485.2,15285.65,48.28,41.96,34.52,76.37
2013-10-03,55485.2,15285.65,48.28,41.96,34.52,76.37
2013-10-04,55485.2,15285.65,48.28,41.96,34.52,76.37
2013-10-05,55485.2,15285.65,48.28,41.96,34.52,76.37
2013-10-07,55485.2,15285.65,48.28,41.96,34.52,76.37
2013-10-08,55485.2,15285.65,48.28,41.96,34.52,76.37
2013-10-09,55485.2,15285.65,48.28,41.96,34.52,76.37
2013-10-10,55485.2,15285.65,48.28,41.96,34.52,76.37
2013-10-11,55485.2,15285.65,48.28,41.96,34.52,76.37
2013-10-12,55485.2,15285.65,48.28,41.96,34.52,76.37
2013-10-14,55485.2,15285.65,48.28,41.96,34.52,76.37
2013-10-15,55485.2,15285.65,48.28,41.96,34.52,76.37
2013-10-16,55485.2,15285.65,48.28,41.96,34.52,76.37
2013-10-17,55485.2,15285.65,48.28,41.96,34.52,76.37
2013-10-18,55485.2,15285.65,48.28,41.96,34.52,76.37
2013-10-19,55485.2,15285.65,48.28,41.96,34.52,76.37
2013-10-21,55485.2,15285.65,48.28,41.96,34.52,76.37
2013-10-22,55485.2,15285.65,48.28,41.96,34.52,76.37
2013-10-23,55485.2,15285.65,48.28,41.96,34.52,76.37
2013-10-24,55485.2,15285.65,48.28,41.96,34.52,76.37
2013-10-25,55485.2,15285.65,48.28,41.96,34.52,76.37
2013-10-26,55485.2,15285.65,48.28,41.96,34.52,76.37
2013-10-28,55485.2,15285.65,48.28,41.96,34.52,76.37
2013-10-29,55485.2,15285.65,48.28,41.96,34.52,76.37
2013-10-30,55485.2,15285.65,48.28,41.96,34.52,76.37
2013-10-31,55485.2,15285.65,48.28,41.96,34.52,76.37
2013-11-01,55485.2,15367.58,49.29,42.02,34.55,76.37
2013-11-02,55485.2,15367.58,49.29,42.02,34.55,76.37
2013-11-05,55485.2,15367.58,49.29,42.02,34.55,76.37
2013-11-06,55485.2,15367.58,49.29,42.02,34.55,76.37
2013-11-07,55485.2,15367.58,49.29,42.02,34.55,76.37
2013-11-08,55485.2,15367.58,49.29,42.02,34.55,76.37
2013-11-09,55485.2,15367.58,49.29,42.02,34.55,76.37
2013-11-10,55485.2,15367.58,49.29,42.02,34.55,76.37
2013-11-11,55485.2,15367.58,49.29,42.02,34.55,76.37
2013-11-12,55485.2,15367.58,49.29,42.02,34.55,76.37
2013-11-13,55485.2,15367.58,49.29,42.02,34.55,76.37
2013-11-14,55485.2,15367.58,49.29,42.02,34.55,76.37
2013-11-15,55485.2,15367.58,49.29,42.02,34.55,76.37
2013-11-16,55485.2,15367.58,49.29,42.02,34.55,76.37
2013-11-18,55485.2,15367.58,49.29,42.02,34.55,76.37
2013-11-19,55485.2,15367.58,49.29,42.02,34.55,76.37
2013-11-20,55485.2,15367.58,49.29,42.02,34.55,76.37
2013-11-21,55485.2,15367.58,49.29,42.02,34.55,76.37
2013-11-22,55485.2,15367.58,49.29,42.02,34.55,76.37
2013-11-23,55485.2,15367.58,49.29,42.02,34.55,76.37
2013-11-25,55485.2,15367.58,49.29,42.02,34.55,76.37
2013-11-26,55485.2,15367.58,49.29,42.02,34.55,76.37
2013-11-27,55485.2,15367.58,49.29,42.02,34.55,76.37
2013-11-28,55485.2,15367.58,49.29,42.02,34.55,76.37
2013-11-29,55485.2,15367.58,49.29,42.02,34.55,76.37
2013-11-30,55485.2,15367.58,49.29,42.02,34.55,76.37
2013-12-02,55485.2,15417.34,48.5,42.0,33.97,76.37
2013-12-03,55485.2,15417.34,48.5,42.0,33.97,76.37
2013-12-04,55485.2,15417.34,48.5,42.0,33.97,76.37
2013-12-05,55485.2,15417.34,48.5,42.0,33.97,76.37
2013-12-06,55485.2,15417.34,48.5,42.0,33.97,76.37
2013-12-07,55485.2,15417.34,48.5,42.0,33.97,76.37
2013-12-09,55485.2,15417.34,48.5,42.0,33.97,76.37
2013-12-10,55485.2,15417.34,48.5,42.0,33.97,76.37
2013-12-11,55485.2,15417.34,48.5,42.0,33.97,76.37
2013-12-12,55485.2,15417.34,48.5,42.0,33.97,76.37
2013-12-13,55485.2,15417.34,48.5,42.0,33.97,76.37
2013-12-14,55485.2,15417.34,48.5,42.0,33.97,76.37
2013-12-16,55485.2,15417.34,48.5,42.0,33.97,76.37
2013-12-17,55485.2,15417.34,48.5,42.0,33.97,76.37
2013-12-18,55485.2,15417.34,48.5,42.0,33.97,76.37
2013-12-19,55485.2,15417.34,48.5,42.0,33.97,76.37
2013-12-20,55485.2,15417.34,48.5,42.0,33.97,76.37
2013-12-21,55485.2,15417.34,48.5,42.0,33.97,76.37
2013-12-23,55485.2,15417.34,48.5,42.0,33.97,76.37
2013-12-24,55485.2,15417.34,48.5,42.0,33.97,76.37
2013-12-25,55485.2,15417.34,48.5,42.0,33.97,76.37
2013-12-26,55485.2,15417.34,48.5,42.0,33.97,76.37
2013-12-27,55485.2,15417.34,48.5,42.0,33.97,76.37
2013-12-28,55485.2,15417.34,48.5,42.0,33.97,76.37
2013-12-30,55485.2,15417.34,48.5,42.0,33.97,76.37
2013-12-31,55485.2,15417.34,48.5,42.0,33.97,76.37
2014-01-09,61208.0,15608.27,47.04,41.44,33.49,76.7
2014-01-10,61208.0,15608.27,47.04,41.44,33.49,76.7
2014-01-11,61208.0,15608.27,47.04,41.44,33.49,76.7
2014-01-13,61208.0,15608.27,47.04,41.44,33.49,76.7
2014-01-14,61208.0,15608.27,47.04,41.44,33.49,76.7
2014-01-15,61208.0,15608.27,47.04,41.44,33.49,76.7
2014-01-16,61208.0,15608.27,47.04,41.44,33.49,76.7
2014-01-17,61208.0,15608.27,47.04,41.44,33.49,76.7
2014-01-18,61208.0,15608.27,47.04,41.44,33.49,76.7
2014-01-19,61208.0,15608.27,47.04,41.44,33.49,76.7
2014-01-20,61208.0,15608.27,47.04,41.44,33.49,76.7
2014-01-21,61208.0,15608.27,47.04,41.44,33.49,76.7
2014-01-22,61208.0,15608.27,47.04,41.44,33.49,76.7
2014-01-23,61208.0,15608.27,47.04,41.44,33.49,76.7
2014-01-24,61208.0,15608.27,47.04,41.44,33.49,76.7
2014-01-25,61208.0,15608.27,47.04,41.44,33.49,76.7
2014-01-27,61208.0,15608.27,47.04,41.44,33.49,76.7
2014-01-28,61208.0,15608.27,47.04,41.44,33.49,76.7
2014-01-29,61208.0,15608.27,47.04,41.44,33.49,76.7
2014-01-30,61208.0,15608.27,47.04,41.44,33.49,76.7
2014-01-31,61208.0,15608.27,47.04,41.44,33.49,76.7
2014-02-01,61208.0,15730.81,49.24,41.79,33.65,76.7
2014-02-02,61208.0,15730.81,49.24,41.79,33.65,76.7
2014-02-03,61208.0,15730.81,49.24,41.79,33.65,76.7
2014-02-04,61208.0,15730.81,49.24,41.79,33.65,76.7
2014-02-05,61208.0,15730.81,49.24,41.79,33.65,76.7
2014-02-06,61208.0,15730.81,49.24,41.79,33.65,76.7
2014-02-07,61208.0,15730.81,49.24,41.79,33.65,76.7
2014-02-08,61208.0,15730.81,49.24,41.79,33.65,76.7
2014-02-10,61208.0,15730.81,49.24,41.79,33.65,76.7
2014-02-11,61208.0,15730.81,49.24,41.79,33.65,76.7
2014-02-12,61208.0,15730.81,49.24,41.79,33.65,76.7
2014-02-13,61208.0,15730.81,49.24,41.79,33.65,76.7
2014-02-14,61208.0,15730.81,49.24,41.79,33.65,76.7
2014-02-15,61208.0,15730.81,49.24,41.79,33.65,76.7
2014-02-16,61208.0,15730.81,49.24,41.79,33.65,76.7
2014-02-17,61208.0,15730.81,49.24,41.79,33.65,76.7
2014-02-18,61208.0,15730.81,49.24,41.79,33.65,76.7
2014-02-19,61208.0,15730.81,49.24,41.79,33.65,76.7
2014-02-20,61208.0,15730.81,49.24,41.79,33.65,76.7
2014-02-21,61208.0,15730.81,49.24,41.79,33.65,76.7
2014-02-22,61208.0,15730.81,49.24,41.79,33.65,76.7
2014-02-24,61208.0,15730.81,49.24,41.79,33.65,76.7
2014-02-25,61208.0,15730.81,49.24,41.79,33.65,76.7
2014-02-26,61208.0,15730.81,49.24,41.79,33.65,76.7
2014-02-27,61208.0,15730.81,49.24,41.79,33.65,76.7
2014-02-28,61208.0,15730.81,49.24,41.79,33.65,76.7
2014-03-01,61208.0,15916.88,49.75,41.91,33.26,76.7
2014-03-03,61208.0,15916.88,49.75,41.91,33.26,76.7
2014-03-04,61208.0,15916.88,49.75,41.91,33.26,76.7
2014-03-05,61208.0,15916.88,49.75,41.91,33.26,76.7
2014-03-06,61208.0,15916.88,49.75,41.91,33.26,76.7
2014-03-07,61208.0,15916.88,49.75,41.91,33.26,76.7
2014-03-10,61208.0,15916.88,49.75,41.91,33.26,76.7
2014-03-11,61208.0,15916.88,49.75,41.91,33.26,76.7
2014-03-12,61208.0,15916.88,49.75,41.91,33.26,76.7
2014-03-13,61208.0,15916.88,49.75,41.91,33.26,76.7
2014-03-14,61208.0,15916.88,49.75,41.91,33.26,76.7
2014-03-15,61208.0,15916.88,49.75,41.91,33.26,76.7
2014-03-17,61208.0,15916.88,49.75,41.91,33.26,76.7
2014-03-18,61208.0,15916.88,49.75,41.91,33.26,76.7
2014-03-19,61208.0,15916.88,49.75,41.91,33.26,76.7
2014-03-20,61208.0,15916.88,49.75,41.91,33.26,76.7
2014-03-21,61208.0,15916.88,49.75,41.91,33.26,76.7
2014-03-22,61208.0,15916.88,49.75,41.91,33.26,76.7
2014-03-24,61208.0,15916.88,49.75,41.91,33.26,76.7
2014-03-25,61208.0,15916.88,49.75,41.91,33.26,76.7
2014-03-26,61208.0,15916.88,49.75,41.91,33.26,76.7
2014-03-27,61208.0,15916.88,49.75,41.91,33.26,76.7
2014-03-28,61208.0,15916.88,49.75,41.91,33.26,76.7
2014-03-29,61208.0,15916.88,49.75,41.91,33.26,76.7
2014-03-31,61208.0,15916.88,49.75,41.91,33.26,76.7
2014-04-01,61208.0,16041.58,49.32,40.95,32.96,76.7
2014-04-02,61208.0,16041.58,49.32,40.95,32.96,76.7
2014-04-03,61208.0,16041.58,49.32,40.95,32.96,76.7
2014-04-04,61208.0,16041.58,49.32,40.95,32.96,76.7
2014-04-05,61208.0,16041.58,49.32,40.95,32.96,76.7
2014-04-07,61208.0,16041.58,49.32,40.95,32.96,76.7
2014-04-08,61208.0,16041.58,49.32,40.95,32.96,76.7
2014-04-09,61208.0,16041.58,49.32,40.95,32.96,76.7
2014-04-10,61208.0,16041.58,49.32,40.95,32.96,76.7
2014-04-11,61208.0,16041.58,49.32,40.95,32.96,76.7
2014-04-12,61208.0,16041.58,49.32,40.95,32.96,76.7
2014-04-13,61208.0,16041.58,49.32,40.95,32.96,76.7
2014-04-14,61208.0,16041.58,49.32,40.95,32.96,76.7
2014-04-15,61208.0,16041.58,49.32,40.95,32.96,76.7
2014-04-16,61208.0,16041.58,49.32,40.95,32.96,76.7
2014-04-17,61208.0,16041.58,49.32,40.95,32.96,76.7
2014-04-18,61208.0,16041.58,49.32,40.95,32.96,76.7
2014-04-19,61208.0,16041.58,49.32,40.95,32.96,76.7
2014-04-21,61208.0,16041.58,49.32,40.95,32.96,76.7
2014-04-22,61208.0,16041.58,49.32,40.95,32.96,76.7
2014-04-23,61208.0,16041.58,49.32,40.95,32.96,76.7
2014-04-24,61208.0,16041.58,49.32,40.95,32.96,76.7
2014-04-25,61208.0,16041.58,49.32,40.95,32.96,76.7
2014-04-26,61208.0,16041.58,49.32,40.95,32.96,76.7
2014-04-28,61208.0,16041.58,49.32,40.95,32.96,76.7
2014-04-29,61208.0,16041.58,49.32,40.95,32.96,76.7
2014-04-30,61208.0,16041.58,49.32,40.95,32.96,76.7
2014-05-03,61208.0,16205.25,50.24,41.17,32.87,76.7
2014-05-04,61208.0,16205.25,50.24,41.17,32.87,76.7
2014-05-05,61208.0,16205.25,50.24,41.17,32.87,76.7
2014-05-06,61208.0,16205.25,50.24,41.17,32.87,76.7
2014-05-07,61208.0,16205.25,50.24,41.17,32.87,76.7
2014-05-08,61208.0,16205.25,50.24,41.17,32.87,76.7
2014-05-11,61208.0,16205.25,50.24,41.17,32.87,76.7
2014-05-12,61208.0,16205.25,50.24,41.17,32.87,76.7
2014-05-13,61208.0,16205.25,50.24,41.17,32.87,76.7
2014-05-14,61208.0,16205.25,50.24,41.17,32.87,76.7
2014-05-15,61208.0,16205.25,50.24,41.17,32.87,76.7
2014-05-16,61208.0,16205.25,50.24,41.17,32.87,76.7
2014-05-17,61208.0,16205.25,50.24,41.17,32.87,76.7
2014-05-19,61208.0,16205.25,50.24,41.17,32.87,76.7
2014-05-20,61208.0,16205.25,50.24,41.17,32.87,76.7
2014-05-21,61208.0,16205.25,50.24,41.17,32.87,76.7
2014-05-22,61208.0,16205.25,50.24,41.17,32.87,76.7
2014-05-23,61208.0,16205.25,50.24,41.17,32.87,76.7
2014-05-24,61208.0,16205.25,50.24,41.17,32.87,76.7
2014-05-25,61208.0,16205.25,50.24,41.17,32.87,76.7
2014-05-26,61208.0,16205.25,50.24,41.17,32.87,76.7
2014-05-27,61208.0,16205.25,50.24,41.17,32.87,76.7
2014-05-28,61208.0,16205.25,50.24,41.17,32.87,76.7
2014-05-29,61208.0,16205.25,50.24,41.17,32.87,76.7
2014-05-30,61208.0,16205.25,50.24,41.17,32.87,76.7
2014-05-31,61208.0,16205.25,50.24,41.17,32.87,76.7
2014-06-02,61208.0,16295.0,48.7,41.18,33.06,76.7
2014-06-03,61208.0,16295.0,48.7,41.18,33.06,76.7
2014-06-04,61208.0,16295.0,48.7,41.18,33.06,76.7
2014-06-05,61208.0,16295.0,48.7,41.18,33.06,76.7
2014-06-06,61208.0,16295.0,48.7,41.18,33.06,76.7
2014-06-07,61208.0,16295.0,48.7,41.18,33.06,76.7
2014-06-09,61208.0,16295.0,48.7,41.18,33.06,76.7
2014-06-10,61208.0,16295.0,48.7,41.18,33.06,76.7
2014-06-11,61208.0,16295.0,48.7,41.18,33.06,76.7
2014-06-14,61208.0,16295.0,48.7,41.18,33.06,76.7
2014-06-16,61208.0,16295.0,48.7,41.18,33.06,76.7
2014-06-17,61208.0,16295.0,48.7,41.18,33.06,76.7
2014-06-18,61208.0,16295.0,48.7,41.18,33.06,76.7
2014-06-19,61208.0,16295.0,48.7,41.18,33.06,76.7
2014-06-20,61208.0,16295.0,48.7,41.18,33.06,76.7
2014-06-21,61208.0,16295.0,48.7,41.18,33.06,76.7
2014-06-23,61208.0,16295.0,48.7,41.18,33.06,76.7
2014-06-24,61208.0,16295.0,48.7,41.18,33.06,76.7
2014-06-25,61208.0,16295.0,48.7,41.18,33.06,76.7
2014-06-26,61208.0,16295.0,48.7,41.18,33.06,76.7
2014-06-27,61208.0,16295.0,48.7,41.18,33.06,76.7
2014-06-28,61208.0,16295.0,48.7,41.18,33.06,76.7
2014-06-29,61208.0,16295.0,48.7,41.18,33.06,76.7
2014-06-30,61208.0,16295.0,48.7,41.18,33.06,76.7
2014-07-01,61208.0,16251.41,50.93,41.97,33.67,76.7
2014-07-02,61208.0,16251.41,50.93,41.97,33.67,76.7
2014-07-03,61208.0,16251.41,50.93,41.97,33.67,76.7
2014-07-04,61208.0,16251.41,50.93,41.97,33.67,76.7
2014-07-05,61208.0,16251.41,50.93,41.97,33.67,76.7
2014-07-07,61208.0,16251.41,50.93,41.97,33.67,76.7
2014-07-08,61208.0,16251.41,50.93,41.97,33.67,76.7
2014-07-09,61208.0,16251.41,50.93,41.97,33.67,76.7
2014-07-10,61208.0,16251.41,50.93,41.97,33.67,76.7
2014-07-11,61208.0,16251.41,50.93,41.97,33.67,76.7
2014-07-12,61208.0,16251.41,50.93,41.97,33.67,76.7
2014-07-14,61208.0,16251.41,50.93,41.97,33.67,76.7
2014-07-15,61208.0,16251.41,50.93,41.97,33.67,76.7
2014-07-16,61208.0,16251.41,50.93,41.97,33.67,76.7
2014-07-17,61208.0,16251.41,50.93,41.97,33.67,76.7
2014-07-18,61208.0,16251.41,50.93,41.97,33.67,76.7
2014-07-19,61208.0,16251.41,50.93,41.97,33.67,76.7
2014-07-21,61208.0,16251.41,50.93,41.97,33.67,76.7
2014-07-22,61208.0,16251.41,50.93,41.97,33.67,76.7
2014-07-23,61208.0,16251.41,50.93,41.97,33.67,76.7
2014-07-24,61208.0,16251.41,50.93,41.97,33.67,76.7
2014-07-25,61208.0,16251.41,50.93,41.97,33.67,76.7
2014-07-26,61208.0,16251.41,50.93,41.97,33.67,76.7
2014-07-28,61208.0,16251.41,50.93,41.97,33.67,76.7
2014-07-29,61208.0,16251.41,50.93,41.97,33.67,76.7
2014-07-30,61208.0,16251.41,50.93,41.97,33.67,76.7
2014-07-31,61208.0,16251.41,50.93,41.97,33.67,76.7
2014-08-01,61208.0,16134.39,52.81,43.11,34.83,76.7
2014-08-02,61208.0,16134.39,52.81,43.11,34.83,76.7
2014-08-04,61208.0,16134.39,52.81,43.11,34.83,76.7
2014-08-05,61208.0,16134.39,52.81,43.11,34.83,76.7
2014-08-06,61208.0,16134.39,52.81,43.11,34.83,76.7
2014-08-07,61208.0,16134.39,52.81,43.11,34.83,76.7
2014-08-08,61208.0,16134.39,52.81,43.11,34.83,76.7
2014-08-09,61208.0,16134.39,52.81,43.11,34.83,76.7
2014-08-11,61208.0,16134.39,52.81,43.11,34.83,76.7
2014-08-12,61208.0,16134.39,52.81,43.11,34.83,76.7
2014-08-13,61208.0,16134.39,52.81,43.11,34.83,76.7
2014-08-14,61208.0,16134.39,52.81,43.11,34.83,76.7
2014-08-15,61208.0,16134.39,52.81,43.11,34.83,76.7
2014-08-16,61208.0,16134.39,52.81,43.11,34.83,76.7
2014-08-18,61208.0,16134.39,52.81,43.11,34.83,76.7
2014-08-19,61208.0,16134.39,52.81,43.11,34.83,76.7
2014-08-20,61208.0,16134.39,52.81,43.11,34.83,76.7
2014-08-21,61208.0,16134.39,52.81,43.11,34.83,76.7
2014-08-22,61208.0,16134.39,52.81,43.11,34.83,76.7
2014-08-23,61208.0,16134.39,52.81,43.11,34.83,76.7
2014-08-25,61208.0,16134.39,52.81,43.11,34.83,76.7
2014-08-26,61208.0,16134.39,52.81,43.11,34.83,76.7
2014-08-27,61208.0,16134.39,52.81,43.11,34.83,76.7
2014-08-28,61208.0,16134.39,52.81,43.11,34.83,76.7
2014-08-29,61208.0,16134.39,52.81,43.11,34.83,76.7
2014-08-30,61208.0,16134.39,52.81,43.11,34.83,76.7
2014-09-01,61208.0,16165.3,51.41,43.26,34.52,76.7
2014-09-02,61208.0,16165.3,51.41,43.26,34.52,76.7
2014-09-03,61208.0,16165.3,51.41,43.26,34.52,76.7
2014-09-04,61208.0,16165.3,51.41,43.26,34.52,76.7
2014-09-05,61208.0,16165.3,51.41,43.26,34.52,76.7
2014-09-06,61208.0,16165.3,51.41,43.26,34.52,76.7
2014-09-08,61208.0,16165.3,51.41,43.26,34.52,76.7
2014-09-09,61208.0,16165.3,51.41,43.26,34.52,76.7
2014-09-10,61208.0,16165.3,51.41,43.26,34.52,76.7
2014-09-11,61208.0,16165.3,51.41,43.26,34.52,76.7
2014-09-12,61208.0,16165.3,51.41,43.26,34.52,76.7
2014-09-13,61208.0,16165.3,51.41,43.26,34.52,76.7
2014-09-15,61208.0,16165.3,51.41,43.26,34.52,76.7
2014-09-16,61208.0,16165.3,51.41,43.26,34.52,76.7
2014-09-17,61208.0,16165.3,51.41,43.26,34.52,76.7
2014-09-18,61208.0,16165.3,51.41,43.26,34.52,76.7
2014-09-19,61208.0,16165.3,51.41,43.26,34.52,76.7
2014-09-20,61208.0,16165.3,51.41,43.26,34.52,76.7
2014-09-22,61208.0,16165.3,51.41,43.26,34.52,76.7
2014-09-23,61208.0,16165.3,51.41,43.26,34.52,76.7
2014-09-24,61208.0,16165.3,51.41,43.26,34.52,76.7
2014-09-25,61208.0,16165.3,51.41,43.26,34.52,76.7
2014-09-26,61208.0,16165.3,51.41,43.26,34.52,76.7
2014-09-27,61208.0,16165.3,51.41,43.26,34.52,76.7
2014-09-29,61208.0,16165.3,51.41,43.26,34.52,76.7
2014-09-30,61208.0,16165.3,51.41,43.26,34.52,76.7
2014-10-01,61208.0,16269.79,52.82,43.85,35.37,76.7
2014-10-02,61208.0,16269.79,52.82,43.85,35.37,76.7
2014-10-03,61208.0,16269.79,52.82,43.85,35.37,76.7
2014-10-04,61208.0,16269.79,52.82,43.85,35.37,76.7
2014-10-06,61208.0,16269.79,52.82,43.85,35.37,76.7
2014-10-07,61208.0,16269.79,52.82,43.85,35.37,76.7
2014-10-08,61208.0,16269.79,52.82,43.85,35.37,76.7
2014-10-09,61208.0,16269.79,52.82,43.85,35.37,76.7
2014-10-10,61208.0,16269.79,52.82,43.85,35.37,76.7
2014-10-11,61208.0,16269.79,52.82,43.85,35.37,76.7
2014-10-13,61208.0,16269.79,52.82,43.85,35.37,76.7
2014-10-14,61208.0,16269.79,52.82,43.85,35.37,76.7
2014-10-15,61208.0,16269.79,52.82,43.85,35.37,76.7
2014-10-16,61208.0,16269.79,52.82,43.85,35.37,76.7
2014-10-17,61208.0,16269.79,52.82,43.85,35.37,76.7
2014-10-18,61208.0,16269.79,52.82,43.85,35.37,76.7
2014-10-20,61208.0,16269.79,52.82,43.85,35.37,76.7
2014-10-21,61208.0,16269.79,52.82,43.85,35.37,76.7
2014-10-22,61208.0,16269.79,52.82,43.85,35.37,76.7
2014-10-23,61208.0,16269.79,52.82,43.85,35.37,76.7
2014-10-24,61208.0,16269.79,52.82,43.85,35.37,76.7
2014-10-25,61208.0,16269.79,52.82,43.85,35.37,76.7
2014-10-27,61208.0,16269.79,52.82,43.85,35.37,76.7
2014-10-28,61208.0,16269.79,52.82,43.85,35.37,76.7
2014-10-29,61208.0,16269.79,52.82,43.85,35.37,76.7
2014-10-30,61208.0,16269.79,52.82,43.85,35.37,76.7
2014-10-31,61208.0,16269.79,52.82,43.85,35.37,76.7
2014-11-01,61208.0,16648.7,53.21,43.23,34.3,76.7
2014-11-03,61208.0,16648.7,53.21,43.23,34.3,76.7
2014-11-04,61208.0,16648.7,53.21,43.23,34.3,76.7
2014-11-05,61208.0,16648.7,53.21,43.23,34.3,76.7
2014-11-06,61208.0,16648.7,53.21,43.23,34.3,76.7
2014-11-07,61208.0,16648.7,53.21,43.23,34.3,76.7
2014-11-08,61208.0,16648.7,53.21,43.23,34.3,76.7
2014-11-10,61208.0,16648.7,53.21,43.23,34.3,76.7
2014-11-11,61208.0,16648.7,53.21,43.23,34.3,76.7
2014-11-12,61208.0,16648.7,53.21,43.23,34.3,76.7
2014-11-13,61208.0,16648.7,53.21,43.23,34.3,76.7
2014-11-14,61208.0,16648.7,53.21,43.23,34.3,76.7
2014-11-15,61208.0,16648.7,53.21,43.23,34.3,76.7
2014-11-17,61208.0,16648.7,53.21,43.23,34.3,76.7
2014-11-18,61208.0,16648.7,53.21,43.23,34.3,76.7
2014-11-19,61208.0,16648.7,53.21,43.23,34.3,76.7
2014-11-20,61208.0,16648.7,53.21,43.23,34.3,76.7
2014-11-21,61208.0,16648.7,53.21,43.23,34.3,76.7
2014-11-22,61208.0,16648.7,53.21,43.23,34.3,76.7
2014-11-24,61208.0,16648.7,53.21,43.23,34.3,76.7
2014-11-25,61208.0,16648.7,53.21,43.23,34.3,76.7
2014-11-26,61208.0,16648.7,53.21,43.23,34.3,76.7
2014-11-27,61208.0,16648.7,53.21,43.23,34.3,76.7
2014-11-28,61208.0,16648.7,53.21,43.23,34.3,76.7
2014-11-29,61208.0,16648.7,53.21,43.23,34.3,76.7
2014-12-01,61208.0,16910.54,49.89,42.64,34.33,76.7
2014-12-02,61208.0,16910.54,49.89,42.64,34.33,76.7
2014-12-03,61208.0,16910.54,49.89,42.64,34.33,76.7
2014-12-04,61208.0,16910.54,49.89,42.64,34.33,76.7
2014-12-05,61208.0,16910.54,49.89,42.64,34.33,76.7
2014-12-06,61208.0,16910.54,49.89,42.64,34.33,76.7
2014-12-08,61208.0,16910.54,49.89,42.64,34.33,76.7
2014-12-09,61208.0,16910.54,49.89,42.64,34.33,76.7
2014-12-10,61208.0,16910.54,49.89,42.64,34.33,76.7
2014-12-11,61208.0,16910.54,49.89,42.64,34.33,76.7
2014-12-12,61208.0,16910.54,49.89,42.64,34.33,76.7
2014-12-13,61208.0,16910.54,49.89,42.64,34.33,76.7
2014-12-15,61208.0,16910.54,49.89,42.64,34.33,76.7
2014-12-16,61208.0,16910.54,49.89,42.64,34.33,76.7
2014-12-17,61208.0,16910.54,49.89,42.64,34.33,76.7
2014-12-18,61208.0,16910.54,49.89,42.64,34.33,76.7
2014-12-19,61208.0,16910.54,49.89,42.64,34.33,76.7
2014-12-20,61208.0,16910.54,49.89,42.64,34.33,76.7
2014-12-21,61208.0,16910.54,49.89,42.64,34.33,76.7
2014-12-22,61208.0,16910.54,49.89,42.64,34.33,76.7
2014-12-23,61208.0,16910.54,49.89,42.64,34.33,76.7
2014-12-24,61208.0,16910.54,49.89,42.64,34.33,76.7
2014-12-25,61208.0,16910.54,49.89,42.64,34.33,76.7
2014-12-26,61208.0,16910.54,49.89,42.64,34.33,76.7
2014-12-27,61208.0,16910.54,49.89,42.64,34.33,76.7
2014-12-29,61208.0,16910.54,49.89,42.64,34.33,76.7
2014-12-30,61208.0,16910.54,49.89,42.64,34.33,76.7
2014-12-31,61208.0,16910.54,49.89,42.64,34.33,76.7
2015-01-10,64310.0,17817.4,52.64,43.29,33.88,76.77
2015-01-12,64310.0,17817.4,52.64,43.29,33.88,76.77
2015-01-13,64310.0,17817.4,52.64,43.29,33.88,76.77
2015-01-14,64310.0,17817.4,52.64,43.29,33.88,76.77
2015-01-15,64310.0,17817.4,52.64,43.29,33.88,76.77
2015-01-16,64310.0,17817.4,52.64,43.29,33.88,76.77
2015-01-17,64310.0,17817.4,52.64,43.29,33.88,76.77
2015-01-19,64310.0,17817.4,52.64,43.29,33.88,76.77
2015-01-20,64310.0,17817.4,52.64,43.29,33.88,76.77
2015-01-21,64310.0,17817.4,52.64,43.29,33.88,76.77
2015-01-22,64310.0,17817.4,52.64,43.29,33.88,76.77
2015-01-23,64310.0,17817.4,52.64,43.29,33.88,76.77
2015-01-24,64310.0,17817.4,52.64,43.29,33.88,76.77
2015-01-26,64310.0,17817.4,52.64,43.29,33.88,76.77
2015-01-27,64310.0,17817.4,52.64,43.29,33.88,76.77
2015-01-28,64310.0,17817.4,52.64,43.29,33.88,76.77
2015-01-29,64310.0,17817.4,52.64,43.29,33.88,76.77
2015-01-30,64310.0,17817.4,52.64,43.29,33.88,76.77
2015-01-31,64310.0,17817.4,52.64,43.29,33.88,76.77
2015-02-02,64310.0,18295.07,51.49,41.86,34.35,76.77
2015-02-03,64310.0,18295.07,51.49,41.86,34.35,76.77
2015-02-04,64310.0,18295.07,51.49,41.86,34.35,76.77
2015-02-05,64310.0,18295.07,51.49,41.86,34.35,76.77
2015-02-06,64310.0,18295.07,51.49,41.86,34.35,76.77
2015-02-07,64310.0,18295.07,51.49,41.86,34.35,76.77
2015-02-09,64310.0,18295.07,51.49,41.86,34.35,76.77
2015-02-10,64310.0,18295.07,51.49,41.86,34.35,76.77
2015-02-11,64310.0,18295.07,51.49,41.86,34.35,76.77
2015-02-12,64310.0,18295.07,51.49,41.86,34.35,76.77
2015-02-13,64310.0,18295.07,51.49,41.86,34.35,76.77
2015-02-14,64310.0,18295.07,51.49,41.86,34.35,76.77
2015-02-16,64310.0,18295.07,51.49,41.86,34.35,76.77
2015-02-17,64310.0,18295.07,51.49,41.86,34.35,76.77
2015-02-18,64310.0,18295.07,51.49,41.86,34.35,76.77
2015-02-19,64310.0,18295.07,51.49,41.86,34.35,76.77
2015-02-20,64310.0,18295.07,51.49,41.86,34.35,76.77
2015-02-21,64310.0,18295.07,51.49,41.86,34.35,76.77
2015-02-24,64310.0,18295.07,51.49,41.86,34.35,76.77
2015-02-25,64310.0,18295.07,51.49,41.86,34.35,76.77
2015-02-26,64310.0,18295.07,51.49,41.86,34.35,76.77
2015-02-27,64310.0,18295.07,51.49,41.86,34.35,76.77
2015-02-28,64310.0,18295.07,51.49,41.86,34.35,76.77
2015-03-02,64310.0,18557.88,50.41,40.49,31.35,76.77
2015-03-03,64310.0,18557.88,50.41,40.49,31.35,76.77
2015-03-04,64310.0,18557.88,50.41,40.49,31.35,76.77
2015-03-05,64310.0,18557.88,50.41,40.49,31.35,76.77
2015-03-06,64310.0,18557.88,50.41,40.49,31.35,76.77
2015-03-07,64310.0,18557.88,50.41,40.49,31.35,76.77
2015-03-10,64310.0,18557.88,50.41,40.49,31.35,76.77
2015-03-11,64310.0,18557.88,50.41,40.49,31.35,76.77
2015-03-12,64310.0,18557.88,50.41,40.49,31.35,76.77
2015-03-13,64310.0,18557.88,50.41,40.49,31.35,76.77
2015-03-14,64310.0,18557.88,50.41,40.49,31.35,76.77
2015-03-16,64310.0,18557.88,50.41,40.49,31.35,76.77
2015-03-17,64310.0,18557.88,50.41,40.49,31.35,76.77
2015-03-18,64310.0,18557.88,50.41,40.49,31.35,76.77
2015-03-19,64310.0,18557.88,50.41,40.49,31.35,76.77
2015-03-20,64310.0,18557.88,50.41,40.49,31.35,76.77
2015-03-21,64310.0,18557.88,50.41,40.49,31.35,76.77
2015-03-23,64310.0,18557.88,50.41,40.49,31.35,76.77
2015-03-24,64310.0,18557.88,50.41,40.49,31.35,76.77
2015-03-25,64310.0,18557.88,50.41,40.49,31.35,76.77
2015-03-26,64310.0,18557.88,50.41,40.49,31.35,76.77
2015-03-27,64310.0,18557.88,50.41,40.49,31.35,76.77
2015-03-28,64310.0,18557.88,50.41,40.49,31.35,76.77
2015-03-30,64310.0,18557.88,50.41,40.49,31.35,76.77
2015-03-31,64310.0,18557.88,50.41,40.49,31.35,76.77
2015-04-01,64310.0,18642.71,50.36,39.92,31.41,76.77
2015-04-02,64310.0,18642.71,50.36,39.92,31.41,76.77
2015-04-03,64310.0,18642.71,50.36,39.92,31.41,76.77
2015-04-04,64310.0,18642.71,50.36,39.92,31.41,76.77
2015-04-05,64310.0,18642.71,50.36,39.92,31.41,76.77
2015-04-06,64310.0,18642.71,50.36,39.92,31.41,76.77
2015-04-07,64310.0,18642.71,50.36,39.92,31.41,76.77
2015-04-08,64310.0,18642.71,50.36,39.92,31.41,76.77
2015-04-09,64310.0,18642.71,50.36,39.92,31.41,76.77
2015-04-10,64310.0,18642.71,50.36,39.92,31.41,76.77
2015-04-11,64310.0,18642.71,50.36,39.92,31.41,76.77
2015-04-13,64310.0,18642.71,50.36,39.92,31.41,76.77
2015-04-14,64310.0,18642.71,50.36,39.92,31.41,76.77
2015-04-15,64310.0,18642.71,50.36,39.92,31.41,76.77
2015-04-16,64310.0,18642.71,50.36,39.92,31.41,76.77
2015-04-17,64310.0,18642.71,50.36,39.92,31.41,76.77
2015-04-18,64310.0,18642.71,50.36,39.92,31.41,76.77
2015-04-20,64310.0,18642.71,50.36,39.92,31.41,76.77
2015-04-21,64310.0,18642.71,50.36,39.92,31.41,76.77
2015-04-22,64310.0,18642.71,50.36,39.92,31.41,76.77
2015-04-23,64310.0,18642.71,50.36,39.92,31.41,76.77
2015-04-24,64310.0,18642.71,50.36,39.92,31.41,76.77
2015-04-25,64310.0,18642.71,50.36,39.92,31.41,76.77
2015-04-27,64310.0,18642.71,50.36,39.92,31.41,76.77
2015-04-28,64310.0,18642.71,50.36,39.92,31.41,76.77
2015-04-29,64310.0,18642.71,50.36,39.92,31.41,76.77
2015-04-30,64310.0,18642.71,50.36,39.92,31.41,76.77
2015-05-02,64310.0,18745.28,50.42,39.16,31.09,76.77
2015-05-04,64310.0,18745.28,50.42,39.16,31.09,76.77
2015-05-05,64310.0,18745.28,50.42,39.16,31.09,76.77
2015-05-06,64310.0,18745.28,50.42,39.16,31.09,76.77
2015-05-07,64310.0,18745.28,50.42,39.16,31.09,76.77
2015-05-08,64310.0,18745.28,50.42,39.16,31.09,76.77
2015-05-11,64310.0,18745.28,50.42,39.16,31.09,76.77
2015-05-12,64310.0,18745.28,50.42,39.16,31.09,76.77
2015-05-13,64310.0,18745.28,50.42,39.16,31.09,76.77
2015-05-14,64310.0,18745.28,50.42,39.16,31.09,76.77
2015-05-15,64310.0,18745.28,50.42,39.16,31.09,76.77
2015-05-16,64310.0,18745.28,50.42,39.16,31.09,76.77
2015-05-18,64310.0,18745.28,50.42,39.16,31.09,76.77
2015-05-19,64310.0,18745.28,50.42,39.16,31.09,76.77
2015-05-20,64310.0,18745.28,50.42,39.16,31.09,76.77
2015-05-21,64310.0,18745.28,50.42,39.16,31.09,76.77
2015-05-22,64310.0,18745.28,50.42,39.16,31.09,76.77
2015-05-23,64310.0,18745.28,50.42,39.16,31.09,76.77
2015-05-25,64310.0,18745.28,50.42,39.16,31.09,76.77
2015-05-26,64310.0,18745.28,50.42,39.16,31.09,76.77
2015-05-27,64310.0,18745.28,50.42,39.16,31.09,76.77
2015-05-28,64310.0,18745.28,50.42,39.16,31.09,76.77
2015-05-29,64310.0,18745.28,50.42,39.16,31.09,76.77
2015-05-30,64310.0,18745.28,50.42,39.16,31.09,76.77
2015-06-01,64310.0,18720.65,49.01,38.91,30.29,76.77
2015-06-02,64310.0,18720.65,49.01,38.91,30.29,76.77
2015-06-03,64310.0,18720.65,49.01,38.91,30.29,76.77
2015-06-04,64310.0,18720.65,49.01,38.91,30.29,76.77
2015-06-05,64310.0,18720.65,49.01,38.91,30.29,76.77
2015-06-06,64310.0,18720.65,49.01,38.91,30.29,76.77
2015-06-08,64310.0,18720.65,49.01,38.91,30.29,76.77
2015-06-09,64310.0,18720.65,49.01,38.91,30.29,76.77
2015-06-10,64310.0,18720.65,49.01,38.91,30.29,76.77
2015-06-11,64310.0,18720.65,49.01,38.91,30.29,76.77
2015-06-13,64310.0,18720.65,49.01,38.91,30.29,76.77
2015-06-15,64310.0,18720.65,49.01,38.91,30.29,76.77
2015-06-16,64310.0,18720.65,49.01,38.91,30.29,76.77
2015-06-17,64310.0,18720.65,49.01,38.91,30.29,76.77
2015-06-18,64310.0,18720.65,49.01,38.91,30.29,76.77
2015-06-19,64310.0,18720.65,49.01,38.91,30.29,76.77
2015-06-20,64310.0,18720.65,49.01,38.91,30.29,76.77
2015-06-22,64310.0,18720.65,49.01,38.91,30.29,76.77
2015-06-23,64310.0,18720.65,49.01,38.91,30.29,76.77
2015-06-24,64310.0,18720.65,49.01,38.91,30.29,76.77
2015-06-25,64310.0,18720.65,49.01,38.91,30.29,76.77
2015-06-26,64310.0,18720.65,49.01,38.91,30.29,76.77
2015-06-27,64310.0,18720.65,49.01,38.91,30.29,76.77
2015-06-29,64310.0,18720.65,49.01,38.91,30.29,76.77
2015-06-30,64310.0,18720.65,49.01,38.91,30.29,76.77
